Id,Name,Id Hash
GEEN_000_00,Attack Power I,95858B63
GEEN_000_01,Attack Power II,3D9B8E6F
GEEN_000_02,Attack Power III,A5B20C3C
GEEN_000_03,Attack Power IV,102FF7AA
GEEN_000_04,Attack Power V,BE3C851C
GEEN_001_00,Health I,A6EE588A
GEEN_001_01,Health II,C37D080A
GEEN_001_02,Health III,58FFAEAA
GEEN_001_03,Health IV,921BB96E
GEEN_001_04,Health V,5E7EEEC4
GEEN_002_00,Dummy011,65B28C9F
GEEN_002_01,Dummy012,925F70AE
GEEN_002_02,Dummy013,548AF40A
GEEN_002_03,Dummy014,D5B573A4
GEEN_002_04,Dummy015,E37924FE
GEEN_003_00,Critical Hit Rate I,82CEA35A
GEEN_003_01,Critical Hit Rate II,430FB951
GEEN_003_02,Critical Hit Rate III,D32C0CAF
GEEN_003_03,Critical Hit Rate IV,F1D9E8DD
GEEN_003_04,Critical Hit Rate V,A7856A22
GEEN_004_00,Stun Power I,0537EF0B
GEEN_004_01,Stun Power II,1E56FE99
GEEN_004_02,Stun Power III,10B32273
GEEN_004_03,Stun Power IV,35A14FC3
GEEN_004_04,Stun Power V,E16E4DD4
GEEN_005_00,Enmity I,54CEFD1C
GEEN_005_01,Enmity II,45B43024
GEEN_005_02,Enmity III,062844FD
GEEN_005_03,Enmity IV,35A6BADD
GEEN_005_04,Enmity V,F687B1BB
GEEN_006_00,Stamina I,FBF16984
GEEN_006_01,Stamina II,17974BBA
GEEN_006_02,Stamina III,751228A2
GEEN_006_03,Stamina IV,BD2CF495
GEEN_006_04,Stamina V,68B1E888
GEEN_007_00,Dummy036,4761D2B7
GEEN_007_01,Dummy037,7FBEC2FA
GEEN_007_02,Dummy038,76D26403
GEEN_007_03,Dummy039,3656AD7C
GEEN_007_04,Dummy040,56AD95DB
GEEN_008_00,Charged Attack I,D6738E0F
GEEN_008_01,Charged Attack II,93D9774F
GEEN_008_02,Charged Attack III,CC5DB833
GEEN_008_03,Charged Attack IV,4840C322
GEEN_008_04,Charged Attack V,FB8C743F
GEEN_009_00,Linked Together I,2014714C
GEEN_009_01,Linked Together II,829EE87B
GEEN_009_02,Linked Together III,C6A019AE
GEEN_009_03,Linked Together IV,AF7FB20D
GEEN_009_04,Linked Together V,19F0455D
GEEN_010_00,SBA/Chain Burst Effect+ Common,293483FA
GEEN_010_01,SBA/Chain Burst Effect+
GEEN_010_02,SBA/Chain Burst Effect+ Rare,8BAC2D42
GEEN_010_03,SBA/Chain Burst Effect+ Epic,26B010CA
GEEN_010_04,SBA/Chain Burst Effect+
GEEN_011_00,Dummy056,423D47BC
GEEN_011_01,Dummy057,0332FE66
GEEN_011_02,Dummy058,E28435C7
GEEN_011_03,Dummy059,7353CEA9
GEEN_011_04,Dummy060,289F5381
GEEN_012_00,Throw I,7AEBEF91
GEEN_012_01,Throw II,69BF4AAC
GEEN_012_02,Throw III,77803875
GEEN_012_03,Throw IV,842ABBEB
GEEN_012_04,Throw V,C452AB03
GEEN_013_00,Critical Damage I,B570D9CA
GEEN_013_01,Critical Damage II,E9917AC1
GEEN_013_02,Critical Damage III,B6552BA8
GEEN_013_03,Critical Damage IV,04D028E3
GEEN_013_04,Critical Damage V,E347B563
GEEN_014_00,Exploiter I,793CFAC5
GEEN_014_01,Exploiter II,A8DC84BD
GEEN_014_02,Exploiter III,062ECB15
GEEN_014_03,Exploiter IV,6056E1C7
GEEN_014_04,Exploiter V,F7707CAC
GEEN_015_00,Dummy076,BE36B65B
GEEN_015_01,Dummy077,8CF9184C
GEEN_015_02,Dummy078,FA87BC22
GEEN_015_03,Dummy079,4C81924C
GEEN_015_04,Dummy080,9856E5A0
GEEN_016_00,Dummy081,6448614D
GEEN_016_01,Dummy082,A6729887
GEEN_016_02,Dummy083,D0E368F1
GEEN_016_03,Dummy084,9A0FDC3E
GEEN_016_04,Dummy085,09854DB4
GEEN_017_00,Combo Finisher I,F7B836F6
GEEN_017_01,Combo Finisher II,FA3DB1E3
GEEN_017_02,Combo Finisher III,D959A6D2
GEEN_017_03,Combo Finisher IV,E0B702C6
GEEN_017_04,Combo Finisher V,C7D94DC9
GEEN_018_00,Concentrated Fire I,628DD0DF
GEEN_018_01,Concentrated Fire II,CBABDB59
GEEN_018_02,Concentrated Fire III,B2C6F95A
GEEN_018_03,Concentrated Fire IV,8F1B4DC4
GEEN_018_04,Concentrated Fire V,3B48E4E7
GEEN_019_00,Dummy096,FAAF91AC
GEEN_019_01,Dummy097,3371FCFD
GEEN_019_02,Dummy098,BBCA7253
GEEN_019_03,Dummy099,A837BD6D
GEEN_019_04,Dummy100,893059C3
GEEN_020_00,Damage Cap I,C6B1BBE6
GEEN_020_01,Damage Cap II,4E988D4F
GEEN_020_02,Damage Cap III,B60D6796
GEEN_020_03,Damage Cap IV,D393DA22
GEEN_020_04,Damage Cap V,EE732781
GEEN_021_00,Dummy106,5DFA6C32
GEEN_021_01,Dummy107,D0E41317
GEEN_021_02,Dummy108,7F351238
GEEN_021_03,Dummy109,4E3FB4A9
GEEN_021_04,Dummy110,AA0CB574
GEEN_022_00,Dummy111,105B3097
GEEN_022_01,Dummy112,5CACCEEC
GEEN_022_02,Dummy113,C9C378BF
GEEN_022_03,Dummy114,77914211
GEEN_022_04,Dummy115,503E0009
GEEN_023_00,Dummy116,04676B4F
GEEN_023_01,Dummy117,52FE8C16
GEEN_023_02,Dummy118,B1F85C8E
GEEN_023_03,Dummy119,50598097
GEEN_023_04,Dummy120,159382F8
GEEN_024_00,Combo Booster I,905C6D7F
GEEN_024_01,Combo Booster II,91CC46C0
GEEN_024_02,Combo Booster III,D657DB39
GEEN_024_03,Combo Booster IV,17CE9A47
GEEN_024_04,Combo Booster V,7AA335B6
GEEN_025_00,Dummy126,3A878CF7
GEEN_025_01,Dummy127,69C75DCB
GEEN_025_02,Dummy128,6C6624B5
GEEN_025_03,Dummy129,68E1DB79
GEEN_025_04,Dummy130,80355C45
GEEN_026_00,Dummy131,C4A3B41E
GEEN_026_01,Dummy132,BC177438
GEEN_026_02,Dummy133,8E9784BE
GEEN_026_03,Dummy134,82329749
GEEN_026_04,Dummy135,07677727
GEEN_027_00,Tyranny I,79F4FD3E
GEEN_027_01,Tyranny II,909A3AEB
GEEN_027_02,Tyranny III,A4204593
GEEN_027_03,Tyranny IV,DFC20239
GEEN_027_04,Tyranny V,72735A07
GEEN_028_00,Lucky Charge I,430DF884
GEEN_028_01,Lucky Charge II,004CDEEC
GEEN_028_02,Lucky Charge III,6786CF44
GEEN_028_03,Lucky Charge IV,8E5B056B
GEEN_028_04,Lucky Charge V,9A753E01
GEEN_029_00,Injury to Insult I,A4456853
GEEN_029_01,Injury to Insult II,987968DF
GEEN_029_02,Injury to Insult III,FFBA8AF0
GEEN_029_03,Injury to Insult IV,12FBB007
GEEN_029_04,Injury to Insult V,9FE3A10D
GEEN_030_00,Overdrive Assassin I,6F2CF65F
GEEN_030_01,Overdrive Assassin II,2C95CEE8
GEEN_030_02,Overdrive Assassin III,342143D7
GEEN_030_03,Overdrive Assassin IV,B83FB38E
GEEN_030_04,Overdrive Assassin V,EEB6C4CC
GEEN_031_00,Break Assassin I,E255FAD2
GEEN_031_01,Break Assassin II,70F6AE03
GEEN_031_02,Break Assassin III,C8935975
GEEN_031_03,Break Assassin IV,311D9CB9
GEEN_031_04,Break Assassin V,F7A65030
GEEN_032_00,Dummy161,81A7D3D2
GEEN_032_01,Dummy162,D81C577D
GEEN_032_02,Dummy163,E3FE86F1
GEEN_032_03,Dummy164,89D57A0B
GEEN_032_04,Dummy165,70E7B02D
GEEN_033_00,Dummy166,F5313602
GEEN_033_01,Dummy167,04159ACC
GEEN_033_02,Dummy168,87AA30B8
GEEN_033_03,Dummy169,57E57438
GEEN_033_04,Dummy170,C7099959
GEEN_034_00,Dummy171,5EA1449F
GEEN_034_01,Dummy172,899B4F7A
GEEN_034_02,Dummy173,955E96E3
GEEN_034_03,Dummy174,7F17D9DA
GEEN_034_04,Dummy175,568C1E96
GEEN_035_00,Dummy176,778C9832
GEEN_035_01,Dummy177,42453A5D
GEEN_035_02,Dummy178,16827415
GEEN_035_03,Dummy179,D3AF0C16
GEEN_035_04,Dummy180,CC6B7F03
GEEN_036_00,Garrison I,73E5554F
GEEN_036_01,Garrison II,DBEBFDAD
GEEN_036_02,Garrison III,9CB98CC1
GEEN_036_03,Garrison IV,946481A5
GEEN_036_04,Garrison V,A224A830
GEEN_037_00,Dummy186,56FA3911
GEEN_037_01,Dummy187,14AD0BE1
GEEN_037_02,Dummy188,E7D48F4C
GEEN_037_03,Dummy189,7B117942
GEEN_037_04,Dummy190,02BDD0BA
GEEN_038_00,Dummy191,73859526
GEEN_038_01,Dummy192,521144B6
GEEN_038_02,Dummy193,141C6F1B
GEEN_038_03,Dummy194,BD6CB6A7
GEEN_038_04,Dummy195,16ADA364
GEEN_039_00,Dummy196,A17A057F
GEEN_039_01,Dummy197,C74A2A72
GEEN_039_02,Dummy198,D28BE8A1
GEEN_039_03,Dummy199,DF44095A
GEEN_039_04,Dummy200,2FF67275
GEEN_040_00,Dummy201,212743DD
GEEN_040_01,Dummy202,0CB30027
GEEN_040_02,Dummy203,76231176
GEEN_040_03,Dummy204,8BF22138
GEEN_040_04,Dummy205,63CD2C22
GEEN_041_00,Dummy206,E0345514
GEEN_041_01,Dummy207,BFC0E154
GEEN_041_02,Dummy208,23A955CC
GEEN_041_03,Dummy209,D750C74A
GEEN_041_04,Dummy210,AF468E6C
GEEN_042_00,Dummy211,A6452039
GEEN_042_01,Dummy212,73920829
GEEN_042_02,Dummy213,2216A151
GEEN_042_03,Dummy214,FF9B8C57
GEEN_042_04,Dummy215,87233B4F
GEEN_043_00,Dummy216,7563785B
GEEN_043_01,Dummy217,9645E795
GEEN_043_02,Dummy218,5F5784FD
GEEN_043_03,Dummy219,A4A4CF04
GEEN_043_04,Dummy220,44F58A56
GEEN_044_00,Stout Heart I,AC2A6983
GEEN_044_01,Stout Heart II,EEB1D048
GEEN_044_02,Stout Heart III,B397821A
GEEN_044_03,Stout Heart IV,420CDB16
GEEN_044_04,Stout Heart,CB5F29C1
GEEN_045_00,Guts I,58F63427
GEEN_045_01,Guts II,D8D6B380
GEEN_045_02,Guts III,38A9CADF
GEEN_045_03,Guts IV,E53D0E38
GEEN_045_04,Guts V,BA77B7F2
GEEN_046_00,Poison Resistance I,B109C429
GEEN_046_01,Poison Resistance II,96434C8D
GEEN_046_02,Poison Resistance III,D77EFBC6
GEEN_046_03,Poison Resistance IV,4A39DC7D
GEEN_046_04,Poison Resistance V,5C19BBB0
GEEN_047_00,Burn Resistance I,390175E7
GEEN_047_01,Burn Resistance II,A91BE816
GEEN_047_02,Burn Resistance III,0F2BB8B2
GEEN_047_03,Burn Resistance IV,3DC4D818
GEEN_047_04,Burn Resistance V,AC7822A4
GEEN_048_00,Dummy241,861FB93E
GEEN_048_01,Dummy242,CD39FBE7
GEEN_048_02,Dummy243,0BE2567F
GEEN_048_03,Dummy244,A8FAC471
GEEN_048_04,Dummy245,4045FF54
GEEN_049_00,Dummy246,50C4F7F5
GEEN_049_01,Dummy247,66B0780F
GEEN_049_02,Dummy248,666ACD1D
GEEN_049_03,Dummy249,493DA2D7
GEEN_049_04,Dummy250,43C45E9C
GEEN_050_00,Dummy251,3FAA0121
GEEN_050_01,Dummy252,1C18BA29
GEEN_050_02,Dummy253,2B1525FD
GEEN_050_03,Dummy254,68D2612A
GEEN_050_04,Dummy255,5A581FED
GEEN_051_00,Sandtomb Resistance I,29BE4772
GEEN_051_01,Sandtomb Resistance II,D626AC9F
GEEN_051_02,Sandtomb Resistance III,27C62352
GEEN_051_03,Sandtomb Resistance IV,9D65E6B6
GEEN_051_04,Sandtomb Resistance V,72CBA710
GEEN_052_00,Glaciate Resistance I,0F386F8E
GEEN_052_01,Glaciate Resistance II,D7C37871
GEEN_052_02,Glaciate Resistance III,4EBAA02A
GEEN_052_03,Glaciate Resistance IV,47B00599
GEEN_052_04,Glaciate Resistance V,C1A3F47E
GEEN_053_00,Dummy266,7FBCF769
GEEN_053_01,Dummy267,A6B3D650
GEEN_053_02,Dummy268,7443837E
GEEN_053_03,Dummy269,144392F2
GEEN_053_04,Dummy270,E21B8C78
GEEN_054_00,Dizzy Resistance I,248C0116
GEEN_054_01,Dizzy Resistance II,BF7CA5DB
GEEN_054_02,Dizzy Resistance III,3F45DBDC
GEEN_054_03,Dizzy Resistance IV,AA793DE2
GEEN_054_04,Dizzy Resistance V,2BDFBA94
GEEN_055_00,Paralysis Resistance I,D2740E3B
GEEN_055_01,Paralysis Resistance II,E93B7346
GEEN_055_02,Paralysis Resistance III,F3C8C676
GEEN_055_03,Paralysis Resistance IV,197818B7
GEEN_055_04,Paralysis Resistance V,FB9BC6C9
GEEN_056_00,Dummy281,FFA30726
GEEN_056_01,Dummy282,0E66983D
GEEN_056_02,Dummy283,C9E24169
GEEN_056_03,Dummy284,D4EF6125
GEEN_056_04,Dummy285,EA07793A
GEEN_057_00,Skill Sealed Resistance I,2C958609
GEEN_057_01,Skill Sealed Resistance II,60CABDDB
GEEN_057_02,Skill Sealed Resistance III,98E88FDF
GEEN_057_03,Skill Sealed Resistance IV,72946A51
GEEN_057_04,Skill Sealed Resistance V,3332E18D
GEEN_058_00,SBA Sealed Resistance I,A1E5C919
GEEN_058_01,SBA Sealed Resistance II,94B33570
GEEN_058_02,SBA Sealed Resistance III,E9D3B6CA
GEEN_058_03,SBA Sealed Resistance IV,57B6D9A5
GEEN_058_04,SBA Sealed Resistance V,DF4A666E
GEEN_059_00,Dummy296,65D3067E
GEEN_059_01,Dummy297,0538CBD1
GEEN_059_02,Dummy298,2BBB70DF
GEEN_059_03,Dummy299,BB1FF25C
GEEN_059_04,Dummy300,786EA3E2
GEEN_060_00,Improved Guard I,978255EF
GEEN_060_01,Improved Guard II,76C7EB69
GEEN_060_02,Improved Guard III,9F741115
GEEN_060_03,Improved Guard IV,F1691ADC
GEEN_060_04,Improved Guard V,D6C28E35
GEEN_061_00,Guard Payback I,FBF24912
GEEN_061_01,Guard Payback II,C349AD51
GEEN_061_02,Guard Payback III,8B66775A
GEEN_061_03,Guard Payback IV,24ED29E6
GEEN_061_04,Guard Payback V,A12CCE9B
GEEN_062_00,Dummy311,C38D5168
GEEN_062_01,Dummy312,E8DD8B24
GEEN_062_02,Dummy313,169F2D9D
GEEN_062_03,Dummy314,446C6A97
GEEN_062_04,Dummy315,033819E4
GEEN_063_00,Improved Dodge I,E65B7F65
GEEN_063_01,Improved Dodge II,828C8D24
GEEN_063_02,Improved Dodge III,6F15005D
GEEN_063_03,Improved Dodge IV,56345F9F
GEEN_063_04,Improved Dodge,208AF595
GEEN_064_00,Dodge Payback I,4C942ED5
GEEN_064_01,Dodge Payback II,F4ACCC72
GEEN_064_02,Dodge Payback III,B20182A7
GEEN_064_03,Dodge Payback IV,1DF4D351
GEEN_064_04,Dodge Payback V,8456B1A3
GEEN_065_00,Improved Healing I,F6F3C863
GEEN_065_01,Improved Healing II,A7F292BF
GEEN_065_02,Improved Healing III,79D7536F
GEEN_065_03,Improved Healing IV,DFE82763
GEEN_065_04,Improved Healing V,E27B1C51
GEEN_066_00,Regen I,728BDA66
GEEN_066_01,Regen II,4823BBB3
GEEN_066_02,Regen III,3EDD4C1F
GEEN_066_03,Regen IV,BE799271
GEEN_066_04,Regen V,C98DC248
GEEN_067_00,Drain I,2B247EE4
GEEN_067_01,Drain II,0B3A6CC9
GEEN_067_02,Drain III,D3774B13
GEEN_067_03,Drain IV,F142A66C
GEEN_067_04,Drain V,D39F1C79
GEEN_068_00,Autorevive I,65150A03
GEEN_068_01,Autorevive II,90FBB4BF
GEEN_068_02,Autorevive III,E3103186
GEEN_068_03,Autorevive IV,F2CBFFD2
GEEN_068_04,Autorevive V,5EB282C6
GEEN_069_00,Quick Cooldown I,70336D00
GEEN_069_01,Quick Cooldown II,735769A7
GEEN_069_02,Quick Cooldown III,4F500FBF
GEEN_069_03,Quick Cooldown IV,B2D492A3
GEEN_069_04,Quick Cooldown V,2CDC1FE0
GEEN_070_00,Cascade I,D0D61CAA
GEEN_070_01,Cascade II,AD0A2AE1
GEEN_070_02,Cascade III,EB73E730
GEEN_070_03,Cascade IV,268CEDC5
GEEN_070_04,Cascade V,B7F89AC3
GEEN_071_00,Dummy356,7A4B15DF
GEEN_071_01,Dummy357,89AFF2FA
GEEN_071_02,Dummy358,D5366AFA
GEEN_071_03,Dummy359,5FA6C467
GEEN_071_04,Dummy360,067FB25C
GEEN_072_00,Uplift I,4F37BE70
GEEN_072_01,Uplift II,B85C5C3B
GEEN_072_02,Uplift III,07703A8A
GEEN_072_03,Uplift IV,16216FDD
GEEN_072_04,Uplift V,883380D4
GEEN_073_00,Potion Hoarder I,687B928E
GEEN_073_01,Potion Hoarder II,D982AE55
GEEN_073_02,Potion Hoarder III,C7D124DD
GEEN_073_03,Potion Hoarder IV,9673ABB9
GEEN_073_04,Potion Hoarder V,7DEA157B
GEEN_074_00,Dummy371,3E8E24E5
GEEN_074_01,Dummy372,2F9CFDAB
GEEN_074_02,Dummy373,423B3F62
GEEN_074_03,Dummy374,3311BBD3
GEEN_074_04,Dummy375,231126CA
GEEN_075_00,Dummy376,AB9BD24A
GEEN_075_01,Dummy377,D27515BE
GEEN_075_02,Dummy378,11E4036B
GEEN_075_03,Dummy379,48A6BEC9
GEEN_075_04,Dummy380,3A5DBCD5
GEEN_076_00,Dummy381,1B657BDE
GEEN_076_01,Dummy382,C6DF57CA
GEEN_076_02,Dummy383,0F0029EA
GEEN_076_03,Dummy384,57256F0D
GEEN_076_04,Dummy385,54D04162
GEEN_077_00,Low Profile I,C1377955
GEEN_077_01,Low Profile II,7885354A
GEEN_077_02,Low Profile III,B2B08F0D
GEEN_077_03,Low Profile IV,CC29955A
GEEN_077_04,Low Profile V,50B05700
GEEN_078_00,Provoke I,92B2D85F
GEEN_078_01,Provoke II,76710852
GEEN_078_02,Provoke III,7E76F58D
GEEN_078_03,Provoke IV,4CC406CA
GEEN_078_04,Provoke V,4E4911FA
GEEN_079_00,Fast Learner I,6BA991CD
GEEN_079_01,Fast Learner II,692276E2
GEEN_079_02,Fast Learner III,F85B6AB0
GEEN_079_03,Fast Learner IV,100E4B1D
GEEN_079_04,Fast Learner V,E19DE7AE
GEEN_080_00,Rupie Tycoon I,99A4B2A7
GEEN_080_01,Rupie Tycoon II,8D639E0C
GEEN_080_02,Rupie Tycoon III,E5B58127
GEEN_080_03,Rupie Tycoon IV,6AB4974C
GEEN_080_04,Rupie Tycoon V,B8A811ED
GEEN_081_00,Dummy406,D8507212
GEEN_081_01,Dummy407,8910E80F
GEEN_081_02,Dummy408,635AB384
GEEN_081_03,Dummy409,32C6E562
GEEN_081_04,Dummy410,A339FAC4
GEEN_082_00,Dummy411,779D63A5
GEEN_082_01,Dummy412,90E3BD64
GEEN_082_02,Dummy413,1DD0526D
GEEN_082_03,Dummy414,55A5A8D8
GEEN_082_04,Dummy415,D00A502F
GEEN_083_00,Skilled Assault I,4B754D3A
GEEN_083_01,Skilled Assault II,989216CB
GEEN_083_02,Skilled Assault III,EE25BD8F
GEEN_083_03,Skilled Assault IV,E1443933
GEEN_083_04,Skilled Assault V,0E83606D
GEEN_084_00,Dummy421,623A707F
GEEN_084_01,Dummy422,A7EDA9CB
GEEN_084_02,Dummy423,225F8F62
GEEN_084_03,Dummy424,86C997AB
GEEN_084_04,Dummy425,C1D0171E
GEEN_085_00,Aegis I,F50A5FE2
GEEN_085_01,Aegis II,6130D327
GEEN_085_02,Aegis III,4B98F53A
GEEN_085_03,Aegis IV,37E83548
GEEN_085_04,Aegis V,E71B1FE4
GEEN_086_00,Slow Resistance I,B71DF666
GEEN_086_01,Slow Resistance II,D5A23569
GEEN_086_02,Slow Resistance III,39A38B2C
GEEN_086_03,Slow Resistance IV,62FED4F1
GEEN_086_04,Slow Resistance V,CCD29B2B
GEEN_087_00,Firm Stance I,91196499
GEEN_087_01,Firm Stance II,22319F27
GEEN_087_02,Firm Stance III,D4B2ADBA
GEEN_087_03,Firm Stance IV,958588F6
GEEN_087_04,Firm Stance V,80DC0FB8
GEEN_088_00,Blight Resistance I,78C6F203
GEEN_088_01,Blight Resistance II,0BBD27F6
GEEN_088_02,Blight Resistance III,7FB3E3D5
GEEN_088_03,Blight Resistance IV,6BB655F1
GEEN_088_04,Blight Resistance V,1727E6B7
GEEN_089_00,Dummy446,CE8F7E54
GEEN_089_01,Dummy447,2C2F20F2
GEEN_089_02,Dummy448,F9437B5E
GEEN_089_03,Dummy449,07877096
GEEN_089_04,Dummy450,91652CB0
GEEN_090_00,Dummy451,64754089
GEEN_090_01,Dummy452,0C9B7775
GEEN_090_02,Dummy453,51CE69FD
GEEN_090_03,Dummy454,7F71F1FE
GEEN_090_04,Dummy455,4E9F51D4
GEEN_091_00,Dummy456,0CBD4B8E
GEEN_091_01,Dummy457,366F7B5C
GEEN_091_02,Dummy458,5B3DFA2A
GEEN_091_03,Dummy459,61D5F1FB
GEEN_091_04,Dummy460,7FF9FAA5
GEEN_092_00,Dummy461,06EA4469
GEEN_092_01,Dummy462,1FD64946
GEEN_092_02,Dummy463,D72DE5C7
GEEN_092_03,Dummy464,1E3F7564
GEEN_092_04,Dummy465,8B07B741
GEEN_093_00,Dummy466,4A21A1AD
GEEN_093_01,Dummy467,A5568253
GEEN_093_02,Dummy468,0F81EDFD
GEEN_093_03,Dummy469,6A18A86A
GEEN_093_04,Dummy470,E087A2B6
GEEN_094_00,Steady Focus I,1AF3D4DC
GEEN_094_01,Steady Focus II,75B8DAD7
GEEN_094_02,Steady Focus III,7D8FF2EE
GEEN_094_03,Steady Focus IV,DD5EFF28
GEEN_094_04,Steady Focus V,ECD324C7
GEEN_095_00,Dummy476,CF4A901C
GEEN_095_01,Dummy477,3AB9360E
GEEN_095_02,Dummy478,842CD083
GEEN_095_03,Dummy479,ECC76D6E
GEEN_095_04,Dummy480,211A77EF
GEEN_096_00,Steel Nerves I,EBCC193C
GEEN_096_01,Steel Nerves II,F47FDA29
GEEN_096_02,Steel Nerves III,DD12001E
GEEN_096_03,Steel Nerves IV,A248E5D1
GEEN_096_04,Steel Nerves V,2D2C99E9
GEEN_097_00,Dummy486,FD85B825
GEEN_097_01,Dummy487,FA5F69A1
GEEN_097_02,Dummy488,527CE8A8
GEEN_097_03,Dummy489,4C29EEF7
GEEN_097_04,Dummy490,2476A4F7
GEEN_098_00,Dummy491,CE416D5C
GEEN_098_01,Dummy492,B82F2E83
GEEN_098_02,Dummy493,2C6E82B5
GEEN_098_03,Dummy494,9C91AD67
GEEN_098_04,Dummy495,51C0C0C6
GEEN_099_00,Dummy496,1FE8E53C
GEEN_099_01,Dummy497,1C94A26E
GEEN_099_02,Dummy498,1FFF87AD
GEEN_099_03,Dummy499,98E1622A
GEEN_099_04,Dummy500,C30CF523
GEEN_100_00,Supplements I,1CAA06BD
GEEN_100_01,Supplements II,2FF84069
GEEN_100_02,Supplements III,A99E6B1A
GEEN_100_03,Supplements IV,F27D1B15
GEEN_100_04,Supplements V,80CA66ED
GEEN_101_00,Dummy506,91192FC5
GEEN_101_01,Dummy507,B0C58F75
GEEN_101_02,Dummy508,395A3DD9
GEEN_101_03,Dummy509,F6C76D73
GEEN_101_04,Dummy510,3AC864E5
GEEN_102_00,Dummy511,342E6600
GEEN_102_01,Dummy512,1883E8EE
GEEN_102_02,Dummy513,4D5340B9
GEEN_102_03,Dummy514,33E5A2BD
GEEN_102_04,Dummy515,813CDBFE
GEEN_103_00,Natural Defenses I,7A02D857
GEEN_103_01,Natural Defenses II,8E7374C9
GEEN_103_02,Natural Defenses III,3420582B
GEEN_103_03,Natural Defenses IV,5EBAB535
GEEN_103_04,Natural Defenses,F2C84D4F
GEEN_104_00,Nimble Defense I,A33AF136
GEEN_104_01,Nimble Defense II,D3538CFD
GEEN_104_02,Nimble Defense III,4A336D1E
GEEN_104_03,Nimble Defense IV,BE0F226F
GEEN_104_04,Nimble Defense V,1A225843
GEEN_105_00,Dummy526,10AF518C
GEEN_105_01,Dummy527,97598EEA
GEEN_105_02,Dummy528,1D67FF7B
GEEN_105_03,Dummy529,017F6E0C
GEEN_105_04,Dummy530,A39EDF90
GEEN_106_00,Nimble Onslaught I,1BF76D02
GEEN_106_01,Nimble Onslaught II,47DA8C35
GEEN_106_02,Nimble Onslaught III,3644EF2C
GEEN_106_03,Nimble Onslaught IV,81CB6C6B
GEEN_106_04,Nimble Onslaught V,040549B7
GEEN_107_00,Precise Resilience I,C64737E7
GEEN_107_01,Precise Resilience II,C55F6CDF
GEEN_107_02,Precise Resilience III,E405ACA0
GEEN_107_03,Precise Resilience IV,4A36B37F
GEEN_107_04,Precise Resilience V,E4FC5AF6
GEEN_108_00,Dummy541,1C2AFD54
GEEN_108_01,Dummy542,A81FF268
GEEN_108_02,Dummy543,8A6D762A
GEEN_108_03,Dummy544,B1921D1B
GEEN_108_04,Dummy545,9633CB59
GEEN_109_00,Precise Wrath I,D42A2D77
GEEN_109_01,Precise Wrath II,4365B3FF
GEEN_109_02,Precise Wrath III,EB10ACA3
GEEN_109_03,Precise Wrath IV,F30A86F6
GEEN_109_04,Precise Wrath V,46ABA3C0
GEEN_110_00,Life on the Line I,A70DAF5A
GEEN_110_01,Life on the Line II,AA941053
GEEN_110_02,Life on the Line III,E507A543
GEEN_110_03,Life on the Line IV,1150513C
GEEN_110_04,Life on the Line V,3559988C
GEEN_111_00,Quick Charge I,BF4D978A
GEEN_111_01,Quick Charge II,8856F755
GEEN_111_02,Quick Charge III,1122D016
GEEN_111_03,Quick Charge IV,FF8A608B
GEEN_111_04,Quick Charge V,0952F945
GEEN_112_00,Window of Opportunity I,05947F5C
GEEN_112_01,Window of Opportunity II,F7E0DB3E
GEEN_112_02,Window of Opportunity III,43AD2A92
GEEN_112_03,Window of Opportunity IV,E4634FBD
GEEN_112_04,Window of Opportunity V,8F562E0E
GEEN_113_00,Sigil Booster I,054F4ACE
GEEN_113_01,Sigil Booster II,CD357780
GEEN_113_02,Sigil Booster III,4035D98A
GEEN_113_03,Sigil Booster IV,7B9BB801
GEEN_113_04,Sigil Booster V,73F80160
GEEN_114_04,Fearless Drive,0A410BD8
GEEN_114_54,Fearless Spirit,936DFE00
GEEN_115_04,Guardian's Conviction,BBF1566E
GEEN_115_54,Guardian's Honor,BDCC9A89
GEEN_116_04,Helmsman's Navigation,E7062C19
GEEN_116_54,Helmsman's Tenacity,6D18E7DC
GEEN_117_04,Mage's Aspiration,3BDBE4B0
GEEN_117_54,Mage's Savvy,38DE81D2
GEEN_118_04,Veteran's Insight,FF580AF6
GEEN_118_54,Veteran's Vision,7739FEBD
GEEN_119_04,Rose's Blooming,01643EF4
GEEN_119_54,Rose's Profusion,72304799
GEEN_120_04,Phantasm's Concord,FD99311B
GEEN_120_54,Phantasm's Harmony,212B81F5
GEEN_121_04,White Dragon's Oath,56881C69
GEEN_121_54,White Dragon's Glory,7F7E82AB
GEEN_122_04,Hero's Creed,D36CC890
GEEN_122_54,Hero's Will,39B62087
GEEN_123_04,Lord's Procession,462782D5
GEEN_123_54,Lord's Ambition,753ECF9D
GEEN_124_04,Dragonslayer's Dominance,069046D9
GEEN_124_54,Dragonslayer's Ingenuity,31F91FCF
GEEN_125_04,Holy Knight's Luster,1ABADC4D
GEEN_125_54,Holy Knight's Grandeur,B2191F16
GEEN_126_04,Swordmaster's Prowess,583CF40F
GEEN_126_54,Swordmaster's Art,645ACEE5
GEEN_127_04,Butterfly's Grace,5FAA08E3
GEEN_127_54,Butterfly's Valor,7653B159
GEEN_128_04,Eternal Rage's Mettle,11DF14E3
GEEN_128_54,Eternal Rage's Ethos,0DD30EC5
GEEN_129_04,Founder's Strategy,C66E8203
GEEN_129_54,Founder's Truth,80CCCD83
GEEN_130_04,Versalis Foundation,28089A97
GEEN_130_54,Versalis Ignition,855E7713
GEEN_131_04,Crimson's Clout,4C6AD990
GEEN_131_54,Crimson's Flight,70361EF1
GEEN_132_04,Ebony's Presence,696226BB
GEEN_132_54,Ebony's Poise,803F64BD
GEEN_133_02,Fortifying Vigor,ABFA79F2
GEEN_134_02,Instilling Vigor,56A668B1
GEEN_135_02,Gilding Vigor,E135A05A
GEEN_136_00,Held Under Resistance I,237CAA21
GEEN_136_01,Held Under Resistance II,DF8A52FB
GEEN_136_02,Held Under Resistance III,A44AEFC0
GEEN_136_03,Held Under Resistance IV,B63E221A
GEEN_136_04,Held Under Resistance V,CD4B83C7
GEEN_137_00,Darkflame Resistance I,A74C2893
GEEN_137_01,Darkflame Resistance II,99C83B77
GEEN_137_02,Darkflame Resistance III,98C33860
GEEN_137_03,Darkflame Resistance IV,3BCA3FD5
GEEN_137_04,Darkflame Resistance V,4CC5031D
GEEN_138_00,Attack Down Resistance I,7D5C5A42
GEEN_138_01,Attack Down Resistance II,FCF90349
GEEN_138_02,Attack Down Resistance III,397A3150
GEEN_138_03,Attack Down Resistance IV,A3210B84
GEEN_138_04,Attack Down Resistance V,E8B8A474
GEEN_139_00,Defense Down Resistance I,3F8FC674
GEEN_139_01,Defense Down Resistance II,7E0D082A
GEEN_139_02,Defense Down Resistance III,4D962F18
GEEN_139_03,Defense Down Resistance IV,5B939637
GEEN_139_04,Defense Down Resistance V,82677AAA
GEEN_140_00,Crabby Resonance,1C4D37E4
GEEN_141_04,Crabvestment Returns,F8FEF304
GEEN_142_02,Seven Net,F44367CF
GEEN_144_00,Stronghold I,EBC1FE90
GEEN_144_01,Stronghold II,2CB6D0D9
GEEN_144_02,Stronghold III,1CEB58AA
GEEN_144_03,Stronghold IV,81742849
GEEN_144_04,Stronghold V,DED4E384
GEEN_145_00,Power Hungry I,80A6DD30
GEEN_145_01,Power Hungry II,A576B01B
GEEN_145_02,Power Hungry III,94C2D5B3
GEEN_145_03,Power Hungry IV,2D188557
GEEN_145_04,Power Hungry V,0AA7735E
GEEN_146_04,War Elemental,DA9136A1
GEEN_146_24,War Elemental+,00612B10
GEEN_147_00,Path to Mastery I,9A341899
GEEN_147_01,Path to Mastery II,7461BD6D
GEEN_147_02,Path to Mastery III,2B94D8D6
GEEN_147_03,Path to Mastery IV,120C5D98
GEEN_147_04,Path to Mastery V,82B300F5
GEEN_150_04,Untouchable,2F06AC30
GEEN_151_00,Supplementary Damage I,AE9899C6
GEEN_151_01,Supplementary Damage II,772601D4
GEEN_151_02,Supplementary Damage III,0114DD91
GEEN_151_03,Supplementary Damage IV,AAC7A219
GEEN_151_04,Supplementary Damage V,42BB0C1C
GEEN_152_00,Less Is More I,0F4A0A62
GEEN_152_01,Less Is More II,2F5ADAC6
GEEN_152_02,Less Is More III,5608EF7E
GEEN_152_03,Less Is More IV,54D62FDF
GEEN_152_04,Less Is More V,959C926E
GEEN_153_00,Head Start I,758D5322
GEEN_153_01,Head Start II,8E3F1EC7
GEEN_153_02,Head Start III,CEE9DD46
GEEN_153_03,Head Start IV,6F4749AD
GEEN_153_04,Head Start V,33C89F1C
GEEN_154_00,Berserker I,9A59F1EC
GEEN_154_01,Berserker II,8A108211
GEEN_154_02,Berserker III,8A9F7374
GEEN_154_03,Berserker IV,FC1A2561
GEEN_154_04,Berserker V,2D637D25
GEEN_156_04,Potent Greens,6B59242A
GEEN_157_00,Roll of the Die I,D4FF5785
GEEN_157_01,Roll of the Die II,3826FF6E
GEEN_157_02,Roll of the Die III,6C0254FC
GEEN_157_03,Roll of the Die IV,B612E149
GEEN_157_04,Roll of the Die,0EE1E9D7
GEEN_158_00,Glass Cannon I,75183BFD
GEEN_158_01,Glass Cannon II,B694CDD6
GEEN_158_02,Glass Cannon III,3B03DC0F
GEEN_158_03,Glass Cannon IV,7B8C3E06
GEEN_158_04,Glass Cannon V,0DB316F8
GEEN_159_04,Flight over Fight,F3336835
GEEN_000_10,Attack Power I+,EF08F02C
GEEN_000_11,Attack Power II+,6C788459
GEEN_000_12,Attack Power III+,F1839306
GEEN_000_13,Attack Power IV+,922804EF
GEEN_000_14,Attack Power V+,08DA7279
GEEN_001_10,Health I+,B6ADA175
GEEN_001_11,Health II+,0188E9E3
GEEN_001_12,Health III+,8DBF201A
GEEN_001_13,Health IV+,89CA4DB0
GEEN_001_14,Health V+,B5B23F02
GEEN_002_10,Dummy011+,633ECBF6
GEEN_002_11,Dummy012+,8029A1A2
GEEN_002_12,Dummy013+,6E1C6EC9
GEEN_002_13,Dummy014+,FE0CEA3D
GEEN_002_14,Dummy015+,46C731EC
GEEN_003_10,Critical Hit Rate I+,8F2FFE00
GEEN_003_11,Critical Hit Rate II+,2D8E0E4D
GEEN_003_12,Critical Hit Rate III+,3C4E2FCF
GEEN_003_13,Critical Hit Rate IV+,8B647510
GEEN_003_14,Critical Hit Rate V+,459DD2C2
GEEN_004_10,Stun Power I+,0FC3E656
GEEN_004_11,Stun Power II+,5E19150E
GEEN_004_12,Stun Power III+,E7643634
GEEN_004_13,Stun Power IV+,C6539CB5
GEEN_004_14,Stun Power V+,39BEA99B
GEEN_005_10,Enmity I+,B87C64C5
GEEN_005_11,Enmity II+,6C943387
GEEN_005_12,Enmity III+,534B93C2
GEEN_005_13,Enmity IV+,06260D96
GEEN_005_14,Enmity V+,F22290A6
GEEN_006_10,Stamina I+,0B55DD64
GEEN_006_11,Stamina II+,661B4D50
GEEN_006_12,Stamina III+,8A3DCAB1
GEEN_006_13,Stamina IV+,1A94123D
GEEN_006_14,Stamina V+,4BA4E4AC
GEEN_007_10,Dummy036+,02203ED1
GEEN_007_11,Dummy037+,540D6DE4
GEEN_007_12,Dummy038+,5DD58BB7
GEEN_007_13,Dummy039+,1EBCEF51
GEEN_007_14,Dummy040+,FB5E8B1A
GEEN_008_10,Charged Attack I+,0E87C8D2
GEEN_008_11,Charged Attack II+,45D92C1A
GEEN_008_12,Charged Attack III+,8F0329FC
GEEN_008_13,Charged Attack IV+,D0B43CA0
GEEN_008_14,Charged Attack V+,1CA872E7
GEEN_009_10,Linked Together I+,8C4688E2
GEEN_009_11,Linked Together II+,92373AF9
GEEN_009_12,Linked Together III+,D3A40C27
GEEN_009_13,Linked Together IV+,129E224A
GEEN_009_14,Linked Together V+,BC445153
GEEN_010_10,SBA/Chain Burst Effect+ Common+,5A9BCCF8
GEEN_010_11,SBA/Chain Burst Effect+
GEEN_010_12,SBA/Chain Burst Effect+ Rare+,0AC03455
GEEN_010_13,SBA/Chain Burst Effect+ Epic+,C00976DF
GEEN_010_14,SBA/Chain Burst Effect+
GEEN_011_10,Dummy056+,AB98690E
GEEN_011_11,Dummy057+,A981110C
GEEN_011_12,Dummy058+,F9546514
GEEN_011_13,Dummy059+,3A335623
GEEN_011_14,Dummy060+,7697F0ED
GEEN_012_10,Throw I+,51163103
GEEN_012_11,Throw II+,CBE5DC36
GEEN_012_12,Throw III+,361D44C4
GEEN_012_13,Throw IV+,BC795189
GEEN_012_14,Throw V+,8CA7D9C1
GEEN_013_10,Critical Damage I+,0890882F
GEEN_013_11,Critical Damage II+,B87B2777
GEEN_013_12,Critical Damage III+,7EFA8C0D
GEEN_013_13,Critical Damage IV+,5F117445
GEEN_013_14,Critical Damage V+,630DE5DD
GEEN_014_10,Exploiter I+,5DF353C3
GEEN_014_11,Exploiter II+,482FD699
GEEN_014_12,Exploiter III+,94F7053C
GEEN_014_13,Exploiter IV+,1706DB6C
GEEN_014_14,Exploiter V+,12D6F539
GEEN_015_10,Dummy076+,78FA1F35
GEEN_015_11,Dummy077+,220987EC
GEEN_015_12,Dummy078+,8B793E6F
GEEN_015_13,Dummy079+,6AAB3B97
GEEN_015_14,Dummy080+,8EA9DB68
GEEN_016_10,Dummy081+,DCD538F0
GEEN_016_11,Dummy082+,AEFD8BAF
GEEN_016_12,Dummy083+,CFFACFBF
GEEN_016_13,Dummy084+,C99A1C8C
GEEN_016_14,Dummy085+,7D1DD87B
GEEN_017_10,Combo Finisher I+,AD2E0751
GEEN_017_11,Combo Finisher II+,D6CDD98E
GEEN_017_12,Combo Finisher III+,28A30205
GEEN_017_13,Combo Finisher IV+,D42DC37C
GEEN_017_14,Combo Finisher V+,8A967A6E
GEEN_018_10,Concentrated Fire I+,A07BDC96
GEEN_018_11,Concentrated Fire II+,BC4A3C09
GEEN_018_12,Concentrated Fire III+,8230B722
GEEN_018_13,Concentrated Fire IV+,E5D96666
GEEN_018_14,Concentrated Fire V+,D038F852
GEEN_019_10,Dummy096+,C7C31668
GEEN_019_11,Dummy097+,A12E76F4
GEEN_019_12,Dummy098+,BE3CE0B5
GEEN_019_13,Dummy099+,E36954D5
GEEN_019_14,Dummy100+,857B6272
GEEN_020_10,Damage Cap I+,AD341007
GEEN_020_11,Damage Cap II+,77FAE8C2
GEEN_020_12,Damage Cap III+,F9870AD0
GEEN_020_13,Damage Cap IV+,0C967A31
GEEN_020_14,Damage Cap V+,B0CB5C64
GEEN_021_10,Dummy106+,9350B56F
GEEN_021_11,Dummy107+,A74EC816
GEEN_021_12,Dummy108+,461913D6
GEEN_021_13,Dummy109+,A8521E04
GEEN_021_14,Dummy110+,F973DF43
GEEN_022_10,Dummy111+,2BE171B0
GEEN_022_11,Dummy112+,E4ED8651
GEEN_022_12,Dummy113+,B67D91CB
GEEN_022_13,Dummy114+,02B52E50
GEEN_022_14,Dummy115+,5E7B1D9B
GEEN_023_10,Dummy116+,1AD2EF40
GEEN_023_11,Dummy117+,180DA132
GEEN_023_12,Dummy118+,359520D3
GEEN_023_13,Dummy119+,366B010E
GEEN_023_14,Dummy120+,67CA4197
GEEN_024_10,Combo Booster I+,2C6F3453
GEEN_024_11,Combo Booster II+,5252689F
GEEN_024_12,Combo Booster III+,71FF966A
GEEN_024_13,Combo Booster IV+,82903E7E
GEEN_024_14,Combo Booster V+,A89C98C9
GEEN_025_10,Dummy126+,A4BED4DA
GEEN_025_11,Dummy127+,D579B07C
GEEN_025_12,Dummy128+,649AC2CE
GEEN_025_13,Dummy129+,20693E80
GEEN_025_14,Dummy130+,815500B4
GEEN_026_10,Dummy131+,A21C9DF2
GEEN_026_11,Dummy132+,8C5053BE
GEEN_026_12,Dummy133+,813F3975
GEEN_026_13,Dummy134+,7E22A247
GEEN_026_14,Dummy135+,A5604D2E
GEEN_027_10,Tyranny I+,C79BD47F
GEEN_027_11,Tyranny II+,207B67D1
GEEN_027_12,Tyranny III+,4FFE62E5
GEEN_027_13,Tyranny IV+,462B27D3
GEEN_027_14,Tyranny V+,9DC8305D
GEEN_028_10,Lucky Charge I+,86E38BAB
GEEN_028_11,Lucky Charge II+,64245EA7
GEEN_028_12,Lucky Charge III+,132952C1
GEEN_028_13,Lucky Charge IV+,D32DC086
GEEN_028_14,Lucky Charge V+,207559B9
GEEN_029_10,Injury to Insult I+,B9060498
GEEN_029_11,Injury to Insult II+,F5171CA2
GEEN_029_12,Injury to Insult III+,D14AA754
GEEN_029_13,Injury to Insult IV+,75FE50E5
GEEN_029_14,Injury to Insult V+,F94B6319
GEEN_030_10,Overdrive Assassin I+,F2E371D3
GEEN_030_11,Overdrive Assassin II+,F3F24C7F
GEEN_030_12,Overdrive Assassin III+,F40082D6
GEEN_030_13,Overdrive Assassin IV+,DFD60614
GEEN_030_14,Overdrive Assassin V+,DC09B8D1
GEEN_031_10,Break Assassin I+,02262975
GEEN_031_11,Break Assassin II+,62E18D53
GEEN_031_12,Break Assassin III+,AE5D5A4F
GEEN_031_13,Break Assassin IV+,35ACCC3C
GEEN_031_14,Break Assassin V+,5144FE4D
GEEN_032_10,Dummy161+,68698FA9
GEEN_032_11,Dummy162+,54BD4579
GEEN_032_12,Dummy163+,2A4833EC
GEEN_032_13,Dummy164+,A56D64D7
GEEN_032_14,Dummy165+,D77F001A
GEEN_061_10,Guard Payback I+,3CB7E988
GEEN_061_11,Guard Payback II+,D4CB7D87
GEEN_061_12,Guard Payback III+,DD492226
GEEN_061_13,Guard Payback IV+,FBB938E9
GEEN_061_14,Guard Payback V+,4DB1FDC1
GEEN_064_10,Dodge Payback I+,6DEF71C8
GEEN_064_11,Dodge Payback II+,39810C9E
GEEN_064_12,Dodge Payback III+,F4A5E0AD
GEEN_064_13,Dodge Payback IV+,9851FD38
GEEN_064_14,Dodge Payback V+,60571189
GEEN_082_10,Dummy411+,E6F27B7D
GEEN_082_11,Dummy412+,20851986
GEEN_082_12,Dummy413+,397A4898
GEEN_082_13,Dummy414+,67C6B9A2
GEEN_082_14,Dummy415+,EBABC487
GEEN_083_10,Skilled Assault I+,EF60ED89
GEEN_083_11,Skilled Assault II+,3C0D684D
GEEN_083_12,Skilled Assault III+,17BE4841
GEEN_083_13,Skilled Assault IV+,B17C7207
GEEN_083_14,Skilled Assault V+,A468A3E8
GEEN_089_10,Dummy446+,8A9E7597
GEEN_089_11,Dummy447+,0B04947E
GEEN_089_12,Dummy448+,8690913C
GEEN_089_13,Dummy449+,A891C78B
GEEN_089_14,Dummy450+,8807DA64
GEEN_090_10,Dummy451+,5BE0A662
GEEN_090_11,Dummy452+,2DD179C8
GEEN_090_12,Dummy453+,91D6F4FD
GEEN_090_13,Dummy454+,DF74DF39
GEEN_090_14,Dummy455+,7C7E8025
GEEN_091_10,Dummy456+,9ECB093A
GEEN_091_11,Dummy457+,DA7A42E0
GEEN_091_12,Dummy458+,13AC03EF
GEEN_091_13,Dummy459+,080D49AC
GEEN_091_14,Dummy460+,CA1456D6
GEEN_110_10,Life on the Line I+,6C788DB7
GEEN_110_11,Life on the Line II+,D77A4A3F
GEEN_110_12,Life on the Line III+,3564AA4D
GEEN_110_13,Life on the Line IV+,5670AECA
GEEN_110_14,Life on the Line V+,408CC3B5
GEEN_111_10,Quick Charge I+,B2DEE2B6
GEEN_111_11,Quick Charge II+,AAAB893B
GEEN_111_12,Quick Charge III+,A8C67937
GEEN_111_13,Quick Charge IV+,C6E71D09
GEEN_111_14,Quick Charge V+,7173B93F
GEEN_000_20,Attack Power I+,3CC5E451
GEEN_000_21,Attack Power II+,A6F5982E
GEEN_000_22,Attack Power III+,867EFFED
GEEN_000_23,Attack Power IV+,98DFFCA0
GEEN_000_24,Attack Power V+,2D7F2E70
GEEN_001_20,Health I+,3BEED064
GEEN_001_21,Health II+,D135E07D
GEEN_001_22,Health III+,9172D000
GEEN_001_23,Health IV+,D5808F9E
GEEN_001_24,Health V+,E92EE838
GEEN_002_20,Dummy011+,5DD99037
GEEN_002_21,Dummy012+,0865FE6E
GEEN_002_22,Dummy013+,4B0D5E34
GEEN_002_23,Dummy014+,75C9DFA5
GEEN_002_24,Dummy015+,52BBC9B9
GEEN_003_20,Critical Hit Rate I+,6FFC5452
GEEN_003_21,Critical Hit Rate II+,49D00CAF
GEEN_003_22,Critical Hit Rate III+,31D241E4
GEEN_003_23,Critical Hit Rate IV+,961B274C
GEEN_003_24,Critical Hit Rate V+,0BB9C188
GEEN_004_20,Stun Power I+,F4DD8A6B
GEEN_004_21,Stun Power II+,C6B0616D
GEEN_004_22,Stun Power III+,5DCC1F70
GEEN_004_23,Stun Power IV+,7F5DDA19
GEEN_004_24,Stun Power V+,791DA8ED
GEEN_005_20,Enmity I+,1B813E10
GEEN_005_21,Enmity II+,2B400FAA
GEEN_005_22,Enmity III+,35BD0F81
GEEN_005_23,Enmity IV+,B0AD15DD
GEEN_005_24,Enmity V+,A3021B5E
GEEN_006_20,Stamina I+,7D9C105C
GEEN_006_21,Stamina II+,C77AA05D
GEEN_006_22,Stamina III+,A931E9FA
GEEN_006_23,Stamina IV+,7562F00A
GEEN_006_24,Stamina V+,E8454459
GEEN_007_20,Dummy036+,D71291C9
GEEN_007_21,Dummy037+,7B103FAA
GEEN_007_22,Dummy038+,FE02CC79
GEEN_007_23,Dummy039+,921830C9
GEEN_007_24,Dummy040+,84C10766
GEEN_008_20,Charged Attack I+,E8257487
GEEN_008_21,Charged Attack II+,0980B80F
GEEN_008_22,Charged Attack III+,95A41365
GEEN_008_23,Charged Attack IV+,D1B747C5
GEEN_008_24,Charged Attack V+,02C67F5E
GEEN_009_20,Linked Together I+,16199EAE
GEEN_009_21,Linked Together II+,83E94B0C
GEEN_009_22,Linked Together III+,68D0507A
GEEN_009_23,Linked Together IV+,D5CA277F
GEEN_009_24,Linked Together V+,59E5335B
GEEN_010_20,SBA/Chain Burst Effect+ Common+,89233E7E
GEEN_010_21,SBA/Chain Burst Effect+
GEEN_010_22,SBA/Chain Burst Effect+ Rare+,3B558C64
GEEN_010_23,SBA/Chain Burst Effect+ Epic+,55352A49
GEEN_010_24,SBA/Chain Burst Effect+
GEEN_011_20,Dummy056+,44376CEE
GEEN_011_21,Dummy057+,516F442C
GEEN_011_22,Dummy058+,BD15A238
GEEN_011_23,Dummy059+,5264AE1D
GEEN_011_24,Dummy060+,16302D62
GEEN_012_20,Throw I+,3739DB5E
GEEN_012_21,Throw II+,E58BC7DB
GEEN_012_22,Throw III+,9814E19B
GEEN_012_23,Throw IV+,F127D45F
GEEN_012_24,Throw V+,B4ADDDC5
GEEN_013_20,Critical Damage I+,4E22352D
GEEN_013_21,Critical Damage II+,1BE87EAD
GEEN_013_22,Critical Damage III+,36F4B48A
GEEN_013_23,Critical Damage IV+,C5B72CE6
GEEN_013_24,Critical Damage V+,9D3093AE
GEEN_014_20,Exploiter I+,DDBD7013
GEEN_014_21,Exploiter II+,D9215E48
GEEN_014_22,Exploiter III+,AE6C2F04
GEEN_014_23,Exploiter IV+,2037A9ED
GEEN_014_24,Exploiter V+,BFAA447E
GEEN_015_20,Dummy076+,16A6AD29
GEEN_015_21,Dummy077+,7FCECFFC
GEEN_015_22,Dummy078+,BC69CBF7
GEEN_015_23,Dummy079+,A9C99D80
GEEN_015_24,Dummy080+,1CAD439B
GEEN_016_20,Dummy081+,2212A2D0
GEEN_016_21,Dummy082+,7C9AB85A
GEEN_016_22,Dummy083+,3696C611
GEEN_016_23,Dummy084+,E072BCE9
GEEN_016_24,Dummy085+,637F35D5
GEEN_017_20,Combo Finisher I+,4FDE80AE
GEEN_017_21,Combo Finisher II+,71B2DA28
GEEN_017_22,Combo Finisher III+,0E3BE66C
GEEN_017_23,Combo Finisher IV+,13896108
GEEN_017_24,Combo Finisher V+,130508AC
GEEN_018_20,Concentrated Fire I+,9503691B
GEEN_018_21,Concentrated Fire II+,4B253AC6
GEEN_018_22,Concentrated Fire III+,439A2D9C
GEEN_018_23,Concentrated Fire IV+,BB86EF75
GEEN_018_24,Concentrated Fire V+,B7C4535A
GEEN_019_20,Dummy096+,AE0928C6
GEEN_019_21,Dummy097+,89BB5401
GEEN_019_22,Dummy098+,166AD1B6
GEEN_019_23,Dummy099+,EB1A93B2
GEEN_019_24,Dummy100+,8A9E86EE
GEEN_020_20,Damage Cap I+,8B6C67F0
GEEN_020_21,Damage Cap II+,96C069D8
GEEN_020_22,Damage Cap III+,E501B772
GEEN_020_23,Damage Cap IV+,A1C947C2
GEEN_020_24,Damage Cap V+,54D8EA04
GEEN_021_20,Dummy106+,2D7EDE9C
GEEN_021_21,Dummy107+,20CD3553
GEEN_021_22,Dummy108+,6230B270
GEEN_021_23,Dummy109+,BCFDF4AE
GEEN_021_24,Dummy110+,471B54BB
GEEN_022_20,Dummy111+,6ECC7FFB
GEEN_022_21,Dummy112+,254A2EC8
GEEN_022_22,Dummy113+,0D9188D3
GEEN_022_23,Dummy114+,C004BE60
GEEN_022_24,Dummy115+,641602AB
GEEN_023_20,Dummy116+,8F420286
GEEN_023_21,Dummy117+,5E6FC843
GEEN_023_22,Dummy118+,BE64D7E3
GEEN_023_23,Dummy119+,6FBB72E1
GEEN_023_24,Dummy120+,9A81B225
GEEN_024_20,Combo Booster I+,B6E74772
GEEN_024_21,Combo Booster II+,CD77D1AA
GEEN_024_22,Combo Booster III+,9DE27B41
GEEN_024_23,Combo Booster IV+,F04C2CDC
GEEN_024_24,Combo Booster V+,6A3B2653
GEEN_025_20,Dummy126+,779B00CA
GEEN_025_21,Dummy127+,1AE31B9F
GEEN_025_22,Dummy128+,C22BABCA
GEEN_025_23,Dummy129+,D561D0D1
GEEN_025_24,Dummy130+,E05F02B1
GEEN_026_20,Dummy131+,D7ABEFCD
GEEN_026_21,Dummy132+,E4ACB234
GEEN_026_22,Dummy133+,C105B63B
GEEN_026_23,Dummy134+,A72FFB21
GEEN_026_24,Dummy135+,69DB3116
GEEN_027_20,Tyranny I+,595AD681
GEEN_027_21,Tyranny II+,EFEFF6D1
GEEN_027_22,Tyranny III+,ABC07972
GEEN_027_23,Tyranny IV+,C19839BD
GEEN_027_24,Tyranny V+,A492FFAC
GEEN_028_20,Lucky Charge I+,D59E112B
GEEN_028_21,Lucky Charge II+,274973D7
GEEN_028_22,Lucky Charge III+,811D8A6A
GEEN_028_23,Lucky Charge IV+,6EC9D6BB
GEEN_028_24,Lucky Charge V+,8224E6E0
GEEN_029_20,Injury to Insult I+,FF28D126
GEEN_029_21,Injury to Insult II+,2835E81B
GEEN_029_22,Injury to Insult III+,D259D5D7
GEEN_029_23,Injury to Insult IV+,F212DB64
GEEN_029_24,Injury to Insult V+,C37A0842
GEEN_030_20,Overdrive Assassin I+,6B8224EB
GEEN_030_21,Overdrive Assassin II+,1FFB1AED
GEEN_030_22,Overdrive Assassin III+,1C1123CA
GEEN_030_23,Overdrive Assassin IV+,98AEB873
GEEN_030_24,Overdrive Assassin V+,3973C1C4
GEEN_031_20,Break Assassin I+,FE7F1552
GEEN_031_21,Break Assassin II+,4D50D1FB
GEEN_031_22,Break Assassin III+,1291F7CA
GEEN_031_23,Break Assassin IV+,0DA193FE
GEEN_031_24,Break Assassin V+,104CD6EA
GEEN_032_20,Dummy161+,E5E97DF5
GEEN_032_21,Dummy162+,E4622234
GEEN_032_22,Dummy163+,24FF25FB
GEEN_032_23,Dummy164+,A47A371A
GEEN_032_24,Dummy165+,359D5A55
GEEN_061_20,Guard Payback I+,41CD7FA1
GEEN_061_21,Guard Payback II+,BDA8ED0D
GEEN_061_22,Guard Payback III+,335B55D0
GEEN_061_23,Guard Payback IV+,718F62F7
GEEN_061_24,Guard Payback V+,522C13B8
GEEN_064_20,Dodge Payback I+,FF4FD22D
GEEN_064_21,Dodge Payback II+,9FF30620
GEEN_064_22,Dodge Payback III+,364C8E19
GEEN_064_23,Dodge Payback IV+,C275B86F
GEEN_064_24,Dodge Payback V+,A278238E
GEEN_082_20,Dummy411+,5D0069E2
GEEN_082_21,Dummy412+,7C804630
GEEN_082_22,Dummy413+,DDA27BA8
GEEN_082_23,Dummy414+,2B4F2917
GEEN_082_24,Dummy415+,A37ECB87
GEEN_083_20,Skilled Assault I+,94DD2628
GEEN_083_21,Skilled Assault II+,B5D4581F
GEEN_083_22,Skilled Assault III+,EB5F28E0
GEEN_083_23,Skilled Assault IV+,C0C92D64
GEEN_083_24,Skilled Assault V+,2A85A4C2
GEEN_089_20,Dummy446+,6666F922
GEEN_089_21,Dummy447+,8E071669
GEEN_089_22,Dummy448+,4C9CAD4B
GEEN_089_23,Dummy449+,9556C4E6
GEEN_089_24,Dummy450+,7DADFCCB
GEEN_090_20,Dummy451+,51C63EB2
GEEN_090_21,Dummy452+,2BA1D3B7
GEEN_090_22,Dummy453+,9C19BC55
GEEN_090_23,Dummy454+,B97C27B7
GEEN_090_24,Dummy455+,48A1CA74
GEEN_091_20,Dummy456+,A19C4C93
GEEN_091_21,Dummy457+,861154DB
GEEN_091_22,Dummy458+,EFE5FB83
GEEN_091_23,Dummy459+,F93ADE42
GEEN_091_24,Dummy460+,BE55D4C3
GEEN_110_20,Life on the Line I+,7C5B7FAE
GEEN_110_21,Life on the Line II+,19A4598E
GEEN_110_22,Life on the Line III+,0DB62B78
GEEN_110_23,Life on the Line IV+,52BD3102
GEEN_110_24,Life on the Line V+,F610E3B9
GEEN_111_20,Quick Charge I+,158D506F
GEEN_111_21,Quick Charge II+,01B49F0D
GEEN_111_22,Quick Charge III+,695EBC2E
GEEN_111_23,Quick Charge IV+,9196A989
GEEN_111_24,Quick Charge V+,91956B39
GEEN_036_23,Garrison IV+,A3578968
GEEN_036_24,Garrison V+,381BBE64
GEEN_060_23,Improved Guard IV+,A110DC1E
GEEN_060_24,Improved Guard V+,B832E7A7
GEEN_063_23,Improved Dodge IV+,817FDE6A
GEEN_063_24,Improved Dodge+,E89224A1
GEEN_085_23,Aegis IV+,72466F3C
GEEN_085_24,Aegis V+,9C2399DA
GEEN_096_23,Steel Nerves IV+,77802303
GEEN_096_24,Steel Nerves V+,EDA2116A
GEEN_104_23,Nimble Defense IV+,B06C66A6
GEEN_104_24,Nimble Defense V+,A4B849A0
GEEN_107_23,Precise Resilience IV+,5F988136
GEEN_107_24,Precise Resilience V+,1D3B007A
GEEN_144_20,Stronghold I+,72118F86
GEEN_144_21,Stronghold II+,3EDE3CC3
GEEN_144_22,Stronghold III+,EB105B98
GEEN_144_23,Stronghold IV+,164E776A
GEEN_144_24,Stronghold V+,D4EBB836
GEEN_145_20,Power Hungry I+,280E1329
GEEN_145_21,Power Hungry II+,7FCCEF02
GEEN_145_22,Power Hungry III+,14082B75
GEEN_145_23,Power Hungry IV+,0F06D22C
GEEN_145_24,Power Hungry V+,F1CAFFA6
GEEN_150_24,Untouchable+,49745934
GEEN_151_20,Supplementary Damage I+,F1B56E13
GEEN_151_21,Supplementary Damage II+,2E1BDB4A
GEEN_151_22,Supplementary Damage III+,2FD5965C
GEEN_151_23,Supplementary Damage IV+,78B9F5AB
GEEN_151_24,Supplementary Damage V+,035A4DDD
GEEN_152_20,Less Is More I+,E3FF2E6A
GEEN_152_21,Less Is More II+,8B105FC8
GEEN_152_22,Less Is More III+,72D83138
GEEN_152_23,Less Is More IV+,232147AD
GEEN_152_24,Less Is More V+,533D337B
GEEN_153_20,Head Start I+,B0207B68
GEEN_153_21,Head Start II+,97927F50
GEEN_153_22,Head Start III+,AEBFADF5
GEEN_153_23,Head Start IV+,FEEE9198
GEEN_153_24,Head Start V+,BE6B6288
GEEN_154_20,Berserker I+,E7279480
GEEN_154_21,Berserker II+,2C150C6A
GEEN_154_22,Berserker III+,57D2CAF2
GEEN_154_23,Berserker IV+,0F1E9FF1
GEEN_154_24,Berserker V+,83E5006E
GEEN_156_24,Potent Greens+,4AA48417
GEEN_157_20,Roll of the Die I+,F8BEFC9F
GEEN_157_21,Roll of the Die II+,0D941DC5
GEEN_157_22,Roll of the Die III+,C285DE21
GEEN_157_23,Roll of the Die IV+,1EABD22E
GEEN_157_24,Roll of the Die+,B1D40170
GEEN_158_20,Glass Cannon I+,D5B71062
GEEN_158_21,Glass Cannon II+,A86B5418
GEEN_158_22,Glass Cannon III+,45140AE4
GEEN_158_23,Glass Cannon IV+,6151F5F6
GEEN_158_24,Glass Cannon V+,1D409445
GEEN_159_24,Flight over Fight+,0A4651BB
GEEN_114_90,Fearless Soul+,52A6E299
GEEN_115_90,Guardian's Awakening+,9ADA3E00
GEEN_116_90,Helmsman's Awakening+,98A6D249
GEEN_117_90,Mage's Awakening+,E2B380E5
GEEN_118_90,Veteran's Awakening+,1BBE919C
GEEN_119_90,Rose's Awakening+,9BD1CC24
GEEN_120_90,Phantasm's Awakening+,B441275D
GEEN_121_90,White Dragon's Awakening+,E19B1965
GEEN_122_90,Hero's Awakening+,673C5D8F
GEEN_123_90,Lord's Awakening+,02472C43
GEEN_124_90,Dragonslayer's Awakening+,AB835493
GEEN_125_90,Holy Knight's Awakening+,AEEF8343
GEEN_126_90,Swordmaster's Awakening+,119B24A8
GEEN_127_90,Butterfly's Awakening+,1A57AEF1
GEEN_128_90,Eternal Rage's Awakening+,CE16D68B
GEEN_129_90,Founder's Awakening+,02B1F8C0
GEEN_130_90,Versalis Soul+,AF8E7E7E
GEEN_131_90,Crimson's Awakening+,4F01D6CA
GEEN_132_90,Ebony's Awakening+,E4F986D9
GEEN_114_91,Fearless Drive+,33F01810
GEEN_114_92,Fearless Spirit+,380A3CA8
GEEN_115_91,Guardian's Conviction+,522004AB
GEEN_115_92,Guardian's Honor+,30A3F2EA
GEEN_116_91,Helmsman's Navigation+,9F08F697
GEEN_116_92,Helmsman's Tenacity+,D48ABDDA
GEEN_117_91,Mage's Aspiration+,9D88DEA1
GEEN_117_92,Mage's Savvy+,F6C0FCA5
GEEN_118_91,Veteran's Insight+,64D63823
GEEN_118_92,Veteran's Vision+,05ACA892
GEEN_119_91,Rose's Blooming+,01D1A6CE
GEEN_119_92,Rose's Profusion+,21E10EB7
GEEN_120_91,Phantasm's Concord+,E073EA65
GEEN_120_92,Phantasm's Harmony+,BF714A8A
GEEN_121_91,White Dragon's Oath+,85D7B335
GEEN_121_92,White Dragon's Glory+,B5DA3E80
GEEN_122_91,Hero's Creed+,9D5BC5BF
GEEN_122_92,Hero's Will+,FB9B6DD5
GEEN_123_91,Lord's Procession+,B5725272
GEEN_123_92,Lord's Ambition+,C06F4708
GEEN_124_91,Dragonslayer's Dominance+,C0B5128E
GEEN_124_92,Dragonslayer's Ingenuity+,BCEDF060
GEEN_125_91,Holy Knight's Luster+,A0F94F69
GEEN_125_92,Holy Knight's Grandeur+,7C8580CA
GEEN_126_91,Swordmaster's Prowess+,E7624711
GEEN_126_92,Swordmaster's Art+,49651C89
GEEN_127_91,Butterfly's Grace+,B143DAE6
GEEN_127_92,Butterfly's Valor+,A879208F
GEEN_128_91,Eternal Rage's Mettle+,7D318FF7
GEEN_128_92,Eternal Rage's Ethos+,6CCA1FF7
GEEN_129_91,Founder's Strategy+,14C58BF1
GEEN_129_92,Founder's Truth+,147DA58B
GEEN_130_91,Versalis Foundation+,B98A0F22
GEEN_130_92,Versalis Ignition+,EAA911B2
GEEN_131_91,Crimson's Clout+,B74C207B
GEEN_131_92,Crimson's Flight+,44D48479
GEEN_132_91,Ebony's Presence+,FB0F9037
GEEN_132_92,Ebony's Poise+,A59C9613
GEEN_170_90,Spirit Edge's Awakening+
GEEN_171_90,Dark Huntress's Awakening+
GEEN_170_91,Spirit Edge's Rally+
GEEN_170_92,Spirit Edge's Fury+
GEEN_170_93,Spirit Edge's Warpath+
GEEN_171_91,Dark Huntress's Volley+
GEEN_171_92,Dark Huntress's Surge+
GEEN_171_93,Dark Huntress's Warpath+
GEEN_114_93,Fearless Heart+
GEEN_115_93,Guardian's Warpath+
GEEN_116_93,Helmsman's Warpath+
GEEN_117_93,Mage's Warpath+
GEEN_118_93,Veteran's Warpath+
GEEN_119_93,Rose's Warpath+
GEEN_125_93,Holy Knight's Warpath+
GEEN_128_93,Eternal Rage's Warpath+
GEEN_120_93,Phantasm's Warpath+
GEEN_127_93,Butterfly's Warpath+
GEEN_121_93,White Dragon's Warpath+
GEEN_122_93,Hero's Warpath+
GEEN_123_93,Lord's Warpath+
GEEN_124_93,Dragonslayer's Warpath+
GEEN_129_93,Founder's Warpath+
GEEN_126_93,Swordmaster's Warpath+
GEEN_131_93,Crimson's Warpath+
GEEN_132_93,Ebony's Warpath+
GEEN_130_93,Versalis Heart+
GEEN_164_00,Crabmiration
GEEN_165_04,Finders Keepers
GEEN_166_00,Greater Aegis,F12B5464
GEEN_166_01,Greater Aegis II,9BAF1D6D
GEEN_166_02,Greater Aegis III,25CD5873
GEEN_166_03,Greater Aegis IV,70A871D5
GEEN_166_04,Greater Aegis V,C02E6BEA
GEEN_166_22,Greater Aegis III+,58A21FB7
GEEN_166_23,Greater Aegis IV+,8091ACBE
GEEN_166_24,Greater Aegis V+,6F1D0870
GEEN_167_04,Auto Potion
GEEN_168_00,Enhanced Damage
GEEN_168_01,Enhanced Damage II
GEEN_168_02,Enhanced Damage III
GEEN_168_03,Enhanced Damage IV
GEEN_168_04,Enhanced Damage V
GEEN_168_22,Enhanced Damage III+
GEEN_168_23,Enhanced Damage IV+
GEEN_168_24,Enhanced Damage V+
GEEN_233_24,Berserker Echo+,332E9B30
GEEN_234_24,Spartan Echo+,938DB625
GEEN_235_24,Super Ultimate Perfect Dodge+,BBE831B2
WEP_PL0000_01,Traveller's Sword
WEP_PL0000_02,Durandal
WEP_PL0000_03,Sword of Eos
WEP_PL0000_04,Albacore Blade
WEP_PL0000_05,Ultima Sword
WEP_PL0000_06,"Seven-Star Sword (Seven-Star Sword, Celestial) (PL0000)"
WEP_PL0000_10,False Sword of the Apocalypse
WEP_PL0100_06,"Seven-Star Sword (Seven-Star Sword, Celestial) (PL0100)"
WEP_PL0200_01,Rukalsa
WEP_PL0200_02,Flame Rapier
WEP_PL0200_03,"Murgleis (Murgleis, the Azure Oath)"
WEP_PL0200_04,Luminiera Sword Omega
WEP_PL0200_05,Ephemeron
WEP_PL0200_06,"Blutgang (Blutgang, Blade of Refuge)"
WEP_PL0300_01,Flintspike
WEP_PL0300_02,Wheellock Axe
WEP_PL0300_03,"Benedia (Benedia, Azure Ammunition)"
WEP_PL0300_04,Tiamat Bolt Omega
WEP_PL0300_05,Stormcloud
WEP_PL0300_06,"Freikugel (Freikugel, the Purifier)"
WEP_PL0400_01,Little Witch Scepter
WEP_PL0400_02,Zhezl
WEP_PL0400_03,"Gambanteinn (Gambanteinn, Staff of Hope)"
WEP_PL0400_04,Colossus Cane Omega
WEP_PL0400_05,Tupsimati
WEP_PL0400_06,"Caduceus (Caduceus, Immortal Coil)"
WEP_PL0500_01,Dreyse
WEP_PL0500_02,Matchlock
WEP_PL0500_03,"Ak-4A (AK-4A, the Suppressor)"
WEP_PL0500_04,Leviathan Muzzle
WEP_PL0500_05,Clarion
WEP_PL0500_06,"Draconic Fire (Draconic Fire, Charring Breath)"
WEP_PL0600_01,Egoism
WEP_PL0600_02,Swordbreaker
WEP_PL0600_03,"Love Eternal (Love Eternal, Forevermore)"
WEP_PL0600_04,Rose Crystal Knife
WEP_PL0600_05,Cortana
WEP_PL0600_06,"Dagger of Bahamut Coda (Primal Dagger of Bahamut Coda)"
WEP_PL0700_01,Geisterpeitche
WEP_PL0700_02,Leather Belt
WEP_PL0700_03,"Ethereal Lasher (Ethereal Lasher, Fleeting End)"
WEP_PL0700_04,Flame Lit Curl
WEP_PL0700_05,Live Wire
WEP_PL0700_06,"Erinnerung (Erinnerung, From Beyond)"
WEP_PL0800_01,Altachiara
WEP_PL0800_02,Hoarfrost Blade Persius
WEP_PL0800_03,Blanc Comme Neige
WEP_PL0800_04,Vegalta
WEP_PL0800_05,"Knight of Ice (Knight of Ice, the Silver Blur)"
WEP_PL0800_06,Damascus Knife (Damascus Knife, the Unseen)
WEP_PL0900_01,Alabarda
WEP_PL0900_02,Swan
WEP_PL0900_03,"Treuer Krieger (Treuer Krieger, the Dauntless)"
WEP_PL0900_04,Ukonvasara
WEP_PL0900_05,Blossom Axe
WEP_PL0900_06,"Mjolnir (Mjolnir, Thunderous Crusher)"
WEP_PL1000_01,Flamberge
WEP_PL1000_02,Lohengrin
WEP_PL1000_03,Antwerp
WEP_PL1000_04,Joyeuse
WEP_PL1000_05,"Lord of Flames (Lord of Flames, Exalted Reign)"
WEP_PL1000_06,"Gottfried (Gottfried, the White Fang)"
WEP_PL1100_01,Integrityty
WEP_PL1100_02,Broadsword of Earth
WEP_PL1100_03,"Ascalon (Ascalon, Dragon's Bane)"
WEP_PL1100_04,Hrunting
WEP_PL1100_05,Windhose
WEP_PL1100_06,"Balmung (Balmung, the Blue Blaze)"
WEP_PL1200_01,Claiomh Solais
WEP_PL1200_02,Arondight
WEP_PL1200_03,"Claidheamh Soluis (Claidheamh Soluis, the Radiant)"
WEP_PL1200_04,Ushumgal
WEP_PL1200_05,Sahrivar
WEP_PL1200_06,"Galatine (Galatine, Trinity's Wrath)"
WEP_PL1300_01,Kiku-Ichimonji
WEP_PL1300_02,Asura
WEP_PL1300_03,"Fudo-Kuniyuki (Fudo-Kuniyuki, Scarlet Glory)"
WEP_PL1300_04,Higurashi
WEP_PL1300_05,Xeno Phantom Demon Blade
WEP_PL1300_06,"Swordfish (Swordfish, Tipper of Scales)"
WEP_PL1400_01,Nakamaki Nodachi
WEP_PL1400_02,Kotetsu
WEP_PL1400_03,"Venustas (Venustas, the Sacred Gift)"
WEP_PL1400_04,Flourithium Blade
WEP_PL1400_05,Blade of Purification
WEP_PL1400_06,"Ameno Habakiri (Ameno Habakiri, the Beheader)"
WEP_PL1500_01,Brahma Gauntlet
WEP_PL1500_02,Rope Knuckles
WEP_PL1500_03,Crimson Finger
WEP_PL1500_04,"Golden Fists of Ura (Golden Fists of Ura, No Mercy)"
WEP_PL1500_05,Arkab
WEP_PL1500_06,"Sky Piercer (Sky Piercer, the Apex Fist)"
WEP_PL1600_01,Spear of Arvess
WEP_PL1600_02,Sunspot Spear
WEP_PL1600_03,"Brionac (Brionac, the Dominant)"
WEP_PL1600_04,Gisla
WEP_PL1600_05,Huanglong Spear
WEP_PL1600_06,"Gae Bulg (Gae Bulg, Impaler of Ruin)"
WEP_PL1700_01,Great Scythe Grynoth
WEP_PL1700_02,Alsarav
WEP_PL1700_03,"Wurtzite Scythe (Wurtzite Scythe, Reaper's Hand)"
WEP_PL1700_04,Soul Eater
WEP_PL1700_05,Cosmic Scythe
WEP_PL1700_06,"Ereshkigal (Ereshkigal, Impending Doom)"
WEP_PL1800_01,Magnum Opus
WEP_PL1800_02,Dream Atlas
WEP_PL1800_03,"Transmigration Tome (Transmigration Tome, Infinity)"
WEP_PL1800_04,Sacred Codex
WEP_PL1800_05,Arshivelle
WEP_PL1800_06,"Zosimos (Zosimos, the Unabridged Truth)"
WEP_PL1900_01,Ragnarok
WEP_PL1900_02,Aviaeth Faussart
WEP_PL1900_03,"Susanoo (Susanoo, the Condemner)"
WEP_PL1900_04,Premium Sword
WEP_PL1900_05,Ecke Sachs
WEP_PL1900_06,"Sword of Bahamut (Primal Sword of Bahamut)"
ITEM_01_0000,Cobblestone,DB1D4F35
ITEM_01_0001,Whorlshroom,D5E89BC8
ITEM_01_0002,Tempestone,DEED762B
ITEM_01_0003,Valley Bloom,B451E459
ITEM_01_0010,Charred Lumber,EB0CCD8D
ITEM_01_0011,Damaged Tail Fin,1C67E865
ITEM_01_0012,Machine Unit,F430B195
ITEM_01_0013,High-Grade Scrap,C3D96C52
ITEM_01_0020,Ice Spire,E0937C5B
ITEM_01_0021,Snow Pillow,2D510205
ITEM_01_0022,Frosted Flower,1CF9A666
ITEM_01_0023,Eternal Snowflake,DD3F9978
ITEM_01_0030,Desert Ash,206C6EC1
ITEM_01_0031,Red-Hot Cactus,926D4AE9
ITEM_01_0032,Fornax Stone,EB0A1DC8
ITEM_01_0033,Electromagnetic Sand,050C5228
ITEM_01_0040,Magma Worm,514D7AA0
ITEM_01_0041,Salamander Egg,759850CA
ITEM_01_0042,Vermillion Powder,26FA7DA3
ITEM_01_0043,Phondam Sulfur,C263CCDC
ITEM_01_0050,Busted Manikin,726575FF
ITEM_01_0051,Aviaeth Prayer Book,C2E4D287
ITEM_01_0052,Patalena Glass,79C247F6
ITEM_01_0053,Bloomsword Hilt,09C7A73E
ITEM_01_0060,Welkin Reflection,7992B6F0
ITEM_01_0061,Dark Liquid,3031E3E4
ITEM_01_0062,Disast Ore,FEEAFCCF
ITEM_01_0063,Astral Matter,6E49A111
ITEM_02_0000,Wind Shard,9519F56A
ITEM_02_0001,Wind Orb,141EF3A7
ITEM_02_0002,Cyclone Orb,5CEADFBC
ITEM_02_0010,Water Shard,9352DED3
ITEM_02_0011,Water Orb,8B75E58A
ITEM_02_0012,Frost Orb,1AA4382D
ITEM_02_0020,Earth Shard,8E1CB52D
ITEM_02_0021,Earth Orb,9C694865
ITEM_02_0022,Rumbling Orb,28592CB2
ITEM_02_0030,Fire Shard,B78AC87F
ITEM_02_0031,Fire Orb,92781B4B
ITEM_02_0032,Inferno Orb,38D2ECD0
ITEM_02_0040,Dark Shard,ABA63A29
ITEM_02_0041,Dark Orb,208FA9E4
ITEM_02_0042,Abysm Orb,F6EE4068
ITEM_02_0050,Light Shard,FA737B89
ITEM_02_0051,Light Orb,6BDF6669
ITEM_02_0052,Shining Orb,15C3F606
ITEM_03_0000,Furycane Anima,D15091D9
ITEM_03_0001,Furycane Omega Anima,4F1E4C13
ITEM_03_0002,Vitality Hoof,729D7FB0
ITEM_04_0000,Managarmr Anima,815B2EE4
ITEM_04_0001,Managarmr Omega Anima,1A114B03
ITEM_04_0002,Sequestered Mane,173851D4
ITEM_05_0000,Excavallion Anima,BC413B80
ITEM_05_0001,Excavallion Omega Anima,13FCF405
ITEM_05_0002,Fortified Hearth,BA799E24
ITEM_06_0000,Vulkan Bolla Anima,451F7D7A
ITEM_06_0001,Vulkan Bolla Omega Anima,E5481168
ITEM_06_0002,Dreaded Tail,4C4CAA77
ITEM_07_0000,Angra Mainyu Anima,434C567F
ITEM_07_0001,Angra Mainyu Omega Anima,ED3B872D
ITEM_07_0002,Calamitous Hand,5E2D3D63
ITEM_08_0000,Damascus Ingot,43915122
ITEM_09_0000,Protector's Pride,C05CA6A1
ITEM_09_0001,Id Anamnesis,6B4E2182
ITEM_09_0002,Destrudo,E35076B2
ITEM_09_0010,Alpha Wolf's Valor,C783F39D
ITEM_09_0011,Gallanza Anamnesis,99307633
ITEM_09_0012,Silver Wolf Clovis,0F6B4A1F
ITEM_09_0020,Bladecaller's Gambit,DF18535C
ITEM_09_0021,Maglielle Anamnesis,B4693222
ITEM_09_0022,Cutthroat Fang,65C8078D
ITEM_10_0000,Fortitude Shard,687733C4
ITEM_10_0001,Fortitude Crystal (S),644536DF
ITEM_10_0002,Fortitude Crystal (M),7948DE7D
ITEM_10_0003,Fortitude Crystal (L),24DF54EE
ITEM_11_0000,Copper Spellbook,E379E863
ITEM_11_0001,Silver Spellbook,648CDA74
ITEM_11_0002,Gold Spellbook,AD856C0C
ITEM_12_0000,Ambrosia,9B442642
ITEM_13_0000,Green Potion,3916849C
ITEM_13_0001,Mega Potion,94132AE1
ITEM_13_0002,Blue Potion,A84CA7E9
ITEM_13_0003,Revival Potion,E6E075E8
ITEM_14_0000,Azurite's Splendor,B2045655
ITEM_14_0003,Silver Centrum,90DF952A
ITEM_14_0010,Prism Chip,8816ADC5
ITEM_14_0011,Flawed Prism,4325AB79
ITEM_14_0012,Flawless Prism,7CFA41FC
ITEM_14_0013,Rainbow Prism,23F2E797
ITEM_14_0020,Champion Merit,9738C87A
ITEM_14_0021,Supreme Merit,6F1FABE6
ITEM_14_0022,Legendary Merit,2E94D39A
ITEM_14_0030,Copper Dalia Badge,5D7078CD
ITEM_14_0031,Silver Dalia Badge,81BF605C
ITEM_14_0032,Gold Dalia Badge,5C07839A
ITEM_14_0050,Revenant Medallion,60CB5EA6
ITEM_14_0051,Supreme Weapon Essence,659230F4
ITEM_15_0000,Rafale Coin,DE302978
ITEM_15_0001,Standard Refinium,541D3800
ITEM_15_0002,Quality Refinium,99D6247E
ITEM_15_0003,Exceptional Refinium,24725515
ITEM_16_0000,Heliotrope Urn,0F479FA7
ITEM_16_0001,Demigod Feather,01EAA064
ITEM_16_0002,Terror Urn,3F8F4EFD
ITEM_16_0003,Reality Thorn,41E92F0A
ITEM_16_0004,Divinity Shackle,181381E5
ITEM_16_0010,Protocol Fiber,11A0F065
ITEM_16_0011,Mana Circuit,29A7EEC9
ITEM_16_0012,Chronos Core,6096C6BF
ITEM_17_0000,Furycane Nihilla Core,54FC643A
ITEM_17_0001,Nihilla-Cast Sword,7B600740
ITEM_17_0010,Managarmr Nihilla Core,BB579CAF
ITEM_17_0011,Nihilla Horn of Disdain,D93D7206
ITEM_17_0020,Vulkan Bolla Nihilla Core,9371081E
ITEM_17_0021,Nihilla-Fused Dark Plasma,D9D98ED6
ITEM_18_0000,Dark Residue,1E133AAC
ITEM_18_0001,Tears of the Apocalypse,11722A61
ITEM_18_0002,Canaan Whitebloom,A9CBB5AF
ITEM_19_0001,Curio (T1),F42D8C01
ITEM_19_0002,Curio (T2),6198F427
ITEM_19_0003,Curio (T3),4AC30D94
ITEM_19_0004,Curio (T4),76079579
ITEM_19_0005,,B55501B2
ITEM_19_0006,,B69AB465
ITEM_19_0007,,FA275FB7
ITEM_20_0001,,71C92C13
ITEM_20_0002,,D8F37043
ITEM_20_0003,,F32B4228
ITEM_20_0004,,39A97DA0
ITEM_20_0005,,406EF58B
ITEM_20_0006,,A514BFE2
ITEM_20_0007,,32E19083
ITEM_21_0000,Knickknack Voucher,09370A3A
ITEM_22_0000,Dragon Scale,BEE8897D
ITEM_22_0010,Dragon Wing,8FFE7300
ITEM_22_0020,Red Dragon Scale,05D2CF79
ITEM_22_0021,Firewyrm's Jewel,94DD261D
ITEM_22_0030,Blue Dragon Scale,F90A5398
ITEM_22_0031,Icewyrm's Jewel,51355C28
ITEM_22_0040,Brown Dragon Scale,9D598751
ITEM_22_0041,Earthwyrm's Jewel,CDDE3137
ITEM_22_0050,Green Dragon Scale,E82861B1
ITEM_22_0051,Windwyrm's Jewel,91CCBC0F
ITEM_22_0060,White Dragon Scale,64473A6A
ITEM_22_0061,Whitewyrm's Jewel,98E75FCB
ITEM_22_0070,Black Dragon Scale,9F548DB0
ITEM_22_0071,Blackwyrm's Jewel,9E75A958
ITEM_23_0000,Crewmate Card,35C7FBA0
ITEM_23_0001,Crewmate Card: Seofon,
ITEM_23_0002,Crewmate Card: Tweyen,
ITEM_24_0000,,D8C6A93D
ITEM_24_0001,,7BEDEAAF
ITEM_25_0000,Dread Wrightstone (ITEM_25_0000),BB731907
ITEM_25_0001,Dread Wrightstone (ITEM_25_0001),C1481583
ITEM_25_0010,Dread Wrightstone (ITEM_25_0010),AAE10C28
ITEM_25_0011,Dread Wrightstone (ITEM_25_0011),11A1B6B3
ITEM_25_0012,Dread Wrightstone (ITEM_25_0012),4E3989B8
ITEM_25_0013,Dread Wrightstone (ITEM_25_0013),471E6CE2
ITEM_25_0020,Dread Wrightstone (ITEM_25_0020)
ITEM_25_1000,Dread Wrightstone (ITEM_25_1000),A90975B8
ITEM_25_1002,Dread Wrightstone (ITEM_25_1002),8D101B82
ITEM_25_1003,Dread Wrightstone (ITEM_25_1003),55D1B23F
ITEM_25_9999,Dread Wrightstone (ITEM_25_9999),2C8FA06C
ITEM_26_0000,Vitality Wrightstone (ITEM_26_0000),552D70ED
ITEM_26_0001,Vitality Wrightstone (ITEM_26_0001),F53AE497
ITEM_26_0010,Vitality Wrightstone (ITEM_26_0010),33E663D0
ITEM_26_0011,Vitality Wrightstone (ITEM_26_0011),95BF2C6F
ITEM_26_0012,Vitality Wrightstone (ITEM_26_0012),2CDFA192
ITEM_26_0013,Vitality Wrightstone (ITEM_26_0013),8B17ED44
ITEM_26_0020,Vitality Wrightstone (ITEM_26_0020),68B1AE43
ITEM_26_1000,Vitality Wrightstone (ITEM_26_1000),A062B3E4
ITEM_26_1002,Vitality Wrightstone (ITEM_26_1002),559E221D
ITEM_26_1003,Vitality Wrightstone (ITEM_26_1003),4BE41EC1
ITEM_26_9999,Vitality Wrightstone (ITEM_26_9999),21DAD920
ITEM_27_0000,Fortification Wrightstone (ITEM_27_0000),CB1E804F
ITEM_27_0001,Fortification Wrightstone (ITEM_27_0001),EEB19BEC
ITEM_27_0010,Fortification Wrightstone (ITEM_27_0010),A23F4F46
ITEM_27_0011,Fortification Wrightstone (ITEM_27_0011),817A2CC1
ITEM_27_0012,Fortification Wrightstone (ITEM_27_0012),BA78C0B2
ITEM_27_0013,Fortification Wrightstone (ITEM_27_0013),67AB886E
ITEM_27_0020,Fortification Wrightstone (ITEM_27_0020),4D16FCAB
ITEM_27_1000,Fortification Wrightstone (ITEM_27_1000),AD9737A9
ITEM_27_1002,Fortification Wrightstone (ITEM_27_1002),2492ECC9
ITEM_27_1003,Fortification Wrightstone (ITEM_27_1003)
ITEM_28_0000,Sequestration Wrightstone (ITEM_28_0000),463ABC2D
ITEM_28_0001,Sequestration Wrightstone (ITEM_28_0001),19B187D7
ITEM_28_0010,Sequestration Wrightstone (ITEM_28_0010),035C056D
ITEM_28_0011,Sequestration Wrightstone (ITEM_28_0011),F9D46AD2
ITEM_28_0012,Sequestration Wrightstone (ITEM_28_0012),AAB4C91A
ITEM_28_0013,Sequestration Wrightstone (ITEM_28_0013),40044975
ITEM_28_0020,Sequestration Wrightstone (ITEM_28_0020),7A1CF760
ITEM_28_1000,Sequestration Wrightstone (ITEM_28_1000),D2C1330F
ITEM_28_1002,Sequestration Wrightstone (ITEM_28_1002),176436F3
ITEM_28_1003,Sequestration Wrightstone (ITEM_28_1003),F6155395
ITEM_28_9999,Sequestration Wrightstone (ITEM_28_9999),8DB0B117
ITEM_29_0000,,FE8E1500
ITEM_29_0001,,8436A713
ITEM_30_0000,Mirage Munition,41776DFD
ITEM_31_0000,Bizarre Wing,D47F792A
ITEM_31_0001,Bizarre Ice Spine,ED91FE58
ITEM_31_0002,Chilling Demon Eye,E4070E98
ITEM_31_0010,Bleak Bone,B83B6B1D
ITEM_31_0011,Bleak Armguard,0692327C
ITEM_31_0012,Frosty War Axe,8BEF5254
ITEM_31_0020,Purgatory Bone,20612B0A
ITEM_31_0021,Purgatory Armguard,9BE7982B
ITEM_31_0022,Searing War Axe,68FF3A08
ITEM_31_0030,Griffin Feather,CD298CC8
ITEM_31_0031,Griffin Talon,7E7999B3
ITEM_31_0032,Giant Beak,65D98A52
ITEM_31_0040,Landbeast Claw,C96755A7
ITEM_31_0041,Landbeast Plate,52BB246C
ITEM_31_0042,Landbeast Horn,21B32140
ITEM_31_0050,Frostbeast Claw,D6CC00D6
ITEM_31_0051,Frostbeast Plate,9282ABBE
ITEM_31_0052,Frostbeast Horn,D943BEE6
ITEM_31_0060,Flamebeast Claw,354D4683
ITEM_31_0061,Flamebeast Plate,F82726D9
ITEM_31_0062,Flamebeast Horn,4C9BE4DE
ITEM_31_0070,Mythril Wheel,D465046A
ITEM_31_0071,Condemnation Saw,B763E7AC
ITEM_31_0072,Ether Battery,7EB26854
ITEM_31_0073,Extension Bracer,D7DB4607
ITEM_31_0074,Swivel Cannon,C5406BBA
ITEM_31_0075,Judgment Prongs,23C59C51
ITEM_31_0080,Golem Finger,D5AF421A
ITEM_31_0081,Golem Rockjaw,99F44080
ITEM_31_0082,Crowning Parapet,77DF2F30
ITEM_31_0090,Chieftain's Braid,000EB8F5
ITEM_31_0091,Greatshield Fragment,9E0FFA73
ITEM_31_0092,Broken Savage Sword,3048DAA9
ITEM_32_0030,Tayu'itar Head Unit,67E3F274
ITEM_32_0031,Ukhar Core,1DA0A639
ITEM_32_0040,Death Nail
ITEM_32_0041,Wing of Portent,3C3B449F
ITEM_32_0042,Crown of Lament,0F34EABC
ITEM_32_0043,Rancorous Lance,3AE09B39
ITEM_32_0050,Ancient Hollowpoint,5A5FA153
ITEM_32_0051,Crimson Horn,6D876FAB
ITEM_32_0052,Frozen Horn,9BA6E51D
ITEM_32_0053,Terra Horn,82C111C8
ITEM_32_0054,Typhoon Horn,745FD287
ITEM_32_0055,Bright Horn,786407F5
ITEM_32_0056,Abyssal Horn,09F9339E
ITEM_32_0060,Calamity Corkscrew,E68DA071
ITEM_32_0070,Horn of Bahamut,2D007309
ITEM_32_0080,Lunary Detector,D1D832C0
ITEM_32_0081,Lunary Cell,C1DCB7AE
ITEM_33_0001,,7B3F6DD9
ITEM_33_0002,,7388FE67
ITEM_33_0003,Vallion Commemorative Coin,82619167
ITEM_33_0004,,3CA218DD
ITEM_34_1000,Glitterstone (S),A7C72F41
ITEM_34_2000,Glitterstone (L),30E31AFE
ITEM_34_3000,Glittercrystal,147EF70A
ITEM_34_4000,Glittercrystal Cluster,F692F716
ITEM_35_0000,Rupie,8E5A0C09
ITEM_35_1000,Mastery Point,0657F403
ITEM_36_0000,Gold Badge Ticket,F8F91F7E
ITEM_50_0000,Windcrest,CB39E0FC
ITEM_50_0001,Beast Warding Stick,29BBA035
ITEM_50_0002,Well-Used Gardening Tools,E600BE75
ITEM_50_0003,Evergreen Crystal,7F695B76
ITEM_50_0004,Azure Gemstone,E8C461CA
ITEM_50_0005,Tears of Repentance,F384E322
ITEM_50_0006,Twilight Sphere,CD6AF550
ITEM_50_0007,Kaleidosphere,EAC2D7AB
ITEM_50_0008,Iridescent Effigy Shell,131A4636
ITEM_50_0009,Midnight Sun's Amber,9FC6585E
ITEM_50_0010,Desert Oil,CE0B379E
ITEM_60_0000,Wee Pincer,EE2559C6
ITEM_70_0001,Life Link,CB0781EF
ITEM_70_0002,Lyria's Journal,F147229B
ITEM_70_0003,Sky Map Piece,778897F4
ITEM_70_0004,Rolan's Transceiver,FA674FBD
ITEM_70_0005,Rebelwear,5942C5FB
ITEM_70_0006,"Elpis, the Mind Sealer",71BC9232
ITEM_70_0007,Golden Crab Statue,FF1A207A
ITEM_70_0008,Dehg's Catalyst Stone,E578BB85
ITEM_70_0009,Avia Research Logs,771D9272
ITEM_70_0010,Rolan's Notes,F58676D3
ITEM_70_0011,Evergreen Crystal Fragment,981C29BD
ITEM_70_0012,Veil Armet,D27ACE64
ITEM_70_0013,Color Pack 1,EEDFA4E4
ITEM_70_0014,Color Pack 2,C48004DD
ITEM_70_0015,Color Pack 3,79E48056
ITEM_70_0017,Color Pack 4,
ITEM_80_0000,Silver Key,78FE6E2C
ITEM_80_0001,Gold Key,8682C2AC
ITEM_80_0002,Whitewing Key,86B12ABC